{"cameraMode":{"drawMode":0,"name":"Shaded","section":"Shading Mode"},"sceneLighting":true,"audioPlay":false,"sceneViewState":{"showFog":true,"showMaterialUpdate":true,"showSkybox":true,"showFlares":true,"showImageEffects":true,"showParticleSystems":true},"in2DMode":false,"pivot":{"x":-0.2644157409667969,"y":0.7118270397186279,"z":-0.1856837272644043},"rotation":{"x":-0.07310277968645096,"y":0.9059814214706421,"z":-0.174998939037323,"w":-0.3784579336643219},"size":10.0,"orthographic":false}