{"cameraMode":{"drawMode":0,"name":"Shaded","section":"Shading Mode"},"sceneLighting":true,"audioPlay":false,"sceneViewState":{"showFog":true,"showMaterialUpdate":true,"showSkybox":true,"showFlares":true,"showImageEffects":true,"showParticleSystems":true},"in2DMode":false,"pivot":{"x":-22.99956703186035,"y":1.1895780563354493,"z":-4.45975399017334},"rotation":{"x":0.004665848799049854,"y":-0.974523663520813,"z":0.02047279104590416,"w":0.22369591891765595},"size":22.0,"orthographic":false}